Hospital Name,Number of Beds,Rural Versus Urban,CCN Facility Type,County,City,Zip Code,cluster,Total Salaries From Worksheet A,Wage-Related Costs (Core),Contract Labor: Direct Patient Care,Total Other Expenses,Total Patient Revenue
ENCOMPASS HEALTH REHABILITATION HOSP,70,U,RH,SEMINOLE,ALTAMONTE SPRINGS,32714,4,14513852,2487720,306386,2,59312926
GEORGE E. WEEMS MEMORIAL HOSPITAL,25,R,CAH,FRANKLIN,APALACHICOLA,32320,2,4354320,0,0,0,13166990
DESOTO MEMORIAL HOSPITAL,49,R,STH,DESOTO,ARCADIA,34266,2,16649266,3433883,4122340,0,165188937
BARTOW REGIONAL MEDICAL CENTER,72,U,STH,POLK,BARTOW,33831,1,26467432,5725943,6028338,0,444289391
LAKESIDE MEDICAL CENTER,54,U,STH,PALM BEACH,BELLE GLADE,33430,1,18993590,4735845,3476784,-24390,128544771
CALHOUN-LIBERTY HOSPITAL ASSN,10,R,CAH,CALHOUN,BLOUNTSTOWN,32424,2,6012560,0,0,0,31171033
BOCA RATON REGIONAL HOSPITAL,361,U,STH,PALM BEACH,BOCA RATON,33486,3,177423348,42968495,56641926,-882309,3418007448
WEST BOCA MEDICAL CENTER,195,U,STH,PALM BEACH,BOCA RATON,33428,1,56473039,11205132,2029103,0,1777683281
DOCTORS MEMORIAL HOSPITAL,20,R,CAH,HOLMES,BONIFAY,32425,2,8721254,0,0,0,62377485
BETHESDA HOSPITAL,406,U,STH,PALM BEACH,BOYNTON BEACH,33435,3,149247720,37006494,52672590,7283104,2371704293
SUNCOAST BEHAVIORAL HEALTH CENTER,40,U,PH,MANATEE,BRADENTON,34210,4,5346810,0,0,0,22592318
MANATEE MEMORIAL HOSPITAL,295,U,STH,MANATEE,BRADENTON,34208,3,111894168,25674488,9712136,0,3632149509
LAKEWOOD RANCH MEDICAL CENTER,120,U,STH,MANATEE,BRADENTON,34202,1,45805163,9518145,8148682,0,1676558693
CENTERSTONE OF FLORIDA  INC.,41,U,PH,MANATEE,BRADENTON,34208,4,9794235,0,0,0,12195110
HCA FL BLAKE HOSPITAL,355,U,STH,MANATEE,BRADENTON,34209,3,73538876,14528271,316302,-51,2908042337
HCA FLORIDA BRANDON HOSPITAL,403,U,STH,HILLSBOROUGH,BRANDON,33511,3,118542119,27986226,0,0,5383158911
BROOKSVILLE REGIONAL HOSPTAL,244,U,STH,HERNANDO,BROOKSVILLE,34601,3,40575147,8587275,8450427,0,1196863944
ENCOMPASS HEALTH REHABILITATION HOSP,80,U,RH,HERNANDO,BROOKSVILLE,34613,4,14318301,3218222,0,0,47955453
SPRINGBROOK HOSPITAL,66,U,PH,HERNANDO,BROOKSVILLE,34609,4,5938318,0,0,0,41445483
ENCOMPASS HEALTH REHABILITATION HOSP,40,U,RH,LEE,CAPE CORAL,33909,4,4688448,660115,0,0,12642192
CAPE CORAL HOSPITAL,289,U,STH,LEE,CAPE CORAL,33990,3,112440004,24865858,1727671,158263,1805711368
FLORIDA STATE HOSPITAL,24,U,STH,GADSDEN,CHATTACHOOCHEE,32324,1,59892582,17095944,0,0,1943633
NORTHWEST FLORIDA COMMUNITY HOSPITAL,25,R,CAH,WASHINGTON,CHIPLEY,32428,2,15209413,0,0,0,118268774
WINDMOOR HEALTHCARE,144,U,PH,PINELLAS,CLEARWATER,33764,4,11252799,0,0,0,62284255
MORTON PLANT HOSPITAL,561,U,STH,PINELLAS,CLEARWATER,33756,0,207442731,42723771,37814532,0,3290820134
ORLANDO HEALTH SOUTH LAKE HOSPITAL,167,U,STH,LAKE,CLERMONT,34711,1,107856231,25834760,0,1,2365263650
HENDRY REGIONAL MEDICAL CENTER,25,R,CAH,HENDRY,CLEWISTON,33440,2,14667406,0,0,0,79454420
CAPE CANAVERAL HOSPITAL INC,150,U,STH,BREVARD,COCOA BEACH,32933,1,49278126,17804662,10244649,8224,781437964
CORAL GABLES HOSPITAL,245,U,STH,MIAMI-DADE,CORAL GABLES,33134,3,34239765,7083274,607284,0,1134753237
DOCTORS HOSPITAL,130,U,STH,MIAMI-DADE,CORAL GABLES,33146,1,73125776,15259887,10862757,4223275,977561276
BROWARD HEALTH CORAL SPRINGS,228,U,STH,BROWARD,CORAL SPRINGS,33065,3,88372243,13602758,9918482,0,1177266836
NORTH OKALOOSA MEDICAL CENTER,110,U,STH,OKALOOSA,CRESTVIEW,32536,1,35879274,6545997,2025958,0,1417352630
SEVEN RIVERS REGIONAL MEDICAL CENTER,121,R,STH,CITRUS,CRYSTAL RIVER,34428,2,35498282,7218008,5404099,0,1194512793
ADVENTHEALTH HEART OF FLORIDA,202,U,STH,POLK,DAVENPORT,33837,1,75436993,16074536,4052011,0,2042091988
HCA FLORIDA UNIVERSITY HOSPITAL,165,U,STH,BROWARD,DAVIE,33328,1,38242545,8289087,363794,0,972187143
ADVENTHEALTH DAYTONA BEACH,330,R,STH,VOLUSIA,DAYTONA,32117,3,174240015,36692522,13712157,0,2512682041
HALIFAX MEDICAL CENTER,516,R,STH,VOLUSIA,DAYTONA BEACH,32114,0,224639462,45947602,40761453,-900926,2337202401
SSH - DAYTONA BEACH,34,U,LTCH,VOLUSIA,DAYTONA BEACH,32117,4,8649559,1395620,465948,2092239,141841431
ADVENTHEALTH DELAND,142,U,STH,VOLUSIA,DELAND,32720,1,66249548,12011596,13652122,0,992636873
DELRAY MEDICAL CENTER,324,U,STH,PALM BEACH,DELRAY BEACH,33484,3,128139134,22318924,6767608,0,4534971445
MEDICAL CENTER OF DELTONA,43,U,STH,VOLUSIA,DELTONA,32725,1,15767344,2112007,1351103,0,201616328
ASCENSION SACRED HEART EMERALD COAST,80,R,STH,WALTON,DESTIN,32550,2,42954514,7656537,186822,0,1027778193
MEASE HOSPITAL AND CLINIC,112,U,STH,PINELLAS,DUNEDIN,34698,1,45193500,9752640,7226740,0,561935418
BAYCARE ALLIANT HOSPITAL,48,U,LTCH,PINELLAS,DUNEDIN,34698,4,8341950,0,0,-1026,77068631
ENGLEWOOD COMMUNITY HOSPITAL,100,U,STH,SARASOTA,ENGLEWOOD,34223,1,20943712,4656167,0,6,912356374
BAPTIST MEDICAL CTR-NASSAU,54,U,STH,NASSAU,FERNANDINA BEACH,32034,1,26018465,6061616,27095,1580,413456592
HOLY CROSS HOSPITAL,286,U,STH,BROWARD,FORT LAUDERDALE,33308,3,251591762,45799492,8089480,0,2567365376
FT. LAUDERDALE HOSPITAL,182,U,PH,BROWARD,FORT LAUDERDALE,33301,4,17046263,0,0,0,110121117
KINDRED HOSPITAL SOUTH FLORIDA,197,U,LTCH,BROWARD,FORT LAUDERDALE,33301,4,43357927,0,0,0,546839809
BROWARD HEALTH MEDICAL CENTER,572,U,STH,BROWARD,FORT LAUDERDALE,33316,0,219273661,30917945,45033549,0,2784902979
BROWARD HEALTH IMPERIAL POINT,157,U,STH,BROWARD,FORT LAUDERDALE,33308,1,52120671,6162249,498188006,0,590717040
LEE MEMORIAL HOSPITAL,748,U,STH,LEE,FORT MYERS,33901,0,431852123,81725715,4279048,-2138987,5954476597
GULF COAST MEDICAL CENTER,624,U,STH,LEE,FORT MYERS,33912,0,201004734,32088743,3155005,2162866,3363584951
PARK ROYAL HOSPITAL,114,U,PH,LEE,FORT MYERS,33908,4,12161114,0,0,0,90092000
SSH - FORT MYERS,60,U,LTCH,LEE,FORT MYERS,33905,4,13114726,1973727,767800,2783614,136867244
HCA FL FT WALTON-DESTIN HOSP,231,U,STH,OKALOOSA,FORT WALTON BEACH,32547,3,65687761,13514164,6641322,29,4053561676
HCA FL LAWNWOOD HOSPITAL,356,U,STH,ST. LUCIE,FT. PIERCE,34950,3,109683898,32026619,2469865,20,4403175233
ARCHER REHABILITATION  LLC,60,U,RH,ALACHUA,GAINESVILLE,32608,4,14437549,2243093,1335869,-61030,113980533
SSH - GAINESVILLE INC,48,U,LTCH,ALACHUA,GAINESVILLE,32610,4,11656066,1748827,182540,-41072,178433052
KINDRED HOSPITAL NORTH FLORIDA,58,U,LTCH,CLAY,GREEN COVE SPRINGS,32043,4,10945868,0,0,0,124694274
GULF BREEZE HOSPITAL,65,R,STH,SANTA ROSA,GULF BREEZE,32561,2,31640593,5708166,2828275,-1154159,771728582
SOUTHERN WINDS HOSPITAL  LLC,72,U,PH,MIAMI-DADE,HIALEAH,33012,4,9065881,0,0,0,45079045
PALMETTO GENERAL HOSPITAL,358,U,STH,MIAMI-DADE,HIALEAH,33016,3,95441163,18559739,10232314,0,2835973826
HIALEAH HOSPITAL,340,U,STH,MIAMI-DADE,HIALEAH,33013,3,45980736,8130669,1779475,0,1272022396
LARKIN COMMUNITY HOSPITAL BEHAVIORAL,50,U,PH,BROWARD,HOLLYWOOD,33021,4,4280989,0,0,0,41591591
HOMESTEAD HOSPITAL,159,U,STH,MIAMI-DADE,HOMESTEAD,33033,1,102138419,21398731,28552121,365925,1319073097
HCA FLORIDA BAYONET POINT HOSPITAL,290,U,STH,PASCO,HUDSON,34667,3,80111903,17677699,965581,0,4032906718
CITRUS MEMORIAL HOSPITAL,204,U,STH,CITRUS,INVERNESS,34452,1,51602151,14310137,0,3,2547875928
MAYO CLINIC FLORIDA,304,R,STH,DUVAL,JACKSONVILLE,32224,3,174770326,62044054,18623836,4666146,3040335302
ENCOMPASS HEALTH REHABILITATION HOSP,50,U,RH,DUVAL,JACKSONVILLE,32256,4,3718356,582466,0,0,10454275
BROOKS REHABILITATION,199,U,RH,DUVAL,JACKSONVILLE,32216,4,52860258,0,0,0,399126063
WEKIVA SPRINGS CENTER  LLC,120,U,PH,DUVAL,JACKSONVILLE,32216,4,9824953,0,0,0,64219799
ASCENSION ST. VINCENTS RIVERSIDE,362,U,STH,DUVAL,JACKSONVILLE,32204,3,126522214,25399332,840947,-590197,3030895328
SHANDS JACKSONVILLE MEDICAL CENTER,481,R,STH,DUVAL,JACKSONVILLE,32209,0,358984302,65549253,10693,43556719,4581112449
CURAHEALTH JACKSONVILLE LLC,107,U,LTCH,DUVAL,JACKSONVILLE,32207,4,8853489,0,0,-3,66174307
RIVER POINT BEHAVIORAL HEALTH,84,U,PH,DUVAL,JACKSONVILLE,32216,4,8526008,0,0,0,54438224
MEMORIAL HOSPITAL OF JACKSONVILLE,388,R,STH,DUVAL,JACKSONVILLE,32216,3,105102959,24643070,52286,24,4854452146
ASCENSION ST. VINCENTS SOUTHSIDE HO,230,R,STH,DUVAL,JACKSONVILLE,32216,2,73714948,13160399,1126816,96312,1540376055
BAPTIST MEDICAL CENTER-BEACHES,135,U,STH,DUVAL,JACKSONVILLE,32250,1,52306491,11694628,1999793,261861,936832320
JAY HOSPITAL,21,R,STH,SANTA ROSA,JAY,32565,2,7114698,1367049,0,3180,57946019
JUPITER MEDICAL CENTER,242,U,STH,PALM BEACH,JUPITER,33458,3,114580289,19605639,35033068,-430695,1641900637
LOWER KEYS MEDICAL CENTER,99,R,STH,MONROE,KEY WEST,33040,2,29403827,5709897,5782204,0,475044369
OSCEOLA REGIONAL MEDICAL CENTER,351,U,STH,OSCEOLA,KISSIMMEE,34741,3,102816091,21827274,0,0,4765984981
HCA FLORIDA POINCIANA HOSPITAL,94,U,STH,OSCEOLA,KISSIMMEE,34758,1,26881902,6878466,0,21,1523085808
LAKE BUTLER HOSPITAL,25,R,CAH,UNION,LAKE BUTLER,32054,2,7116439,0,0,1594,34883758
HCA FLORIDA LAKE CITY HOSPITAL,113,R,STH,COLUMBIA,LAKE CITY,32055,2,32169904,7316777,6031,-56,1691478122
ADVENTHEALTH LAKE WALES,142,U,STH,POLK,LAKE WALES,33853,1,34556972,6059928,731813,0,738452354
SSH - PALM BEACH  LLC,60,U,LTCH,PALM BEACH,LAKE WORTH,33461,4,16188271,2458006,2945510,1484938,253066043
ENCOMPASS HEALTH REHABILITATION HOSP,50,U,RH,POLK,LAKELAND,33803,4,4863413,855485,0,0,11684962
LAKELAND REGIONAL MED CTR,764,U,STH,POLK,LAKELAND,33805,0,367604395,80513039,19155239,0,5009500896
ADVENTHEALTH CONNERTON,77,U,LTCH,PASCO,LAND O LAKES,34637,4,24856861,4888725,922900,0,218223877
LARGO MEDICAL CENTER,245,R,STH,PINELLAS,LARGO,33770,2,89009151,19736077,0,-16,3910574689
ENCOMPASS HEALTH REHABILITATION HOSP,70,U,RH,PINELLAS,LARGO,33770,4,14902310,2912964,0,0,44614166
ST JOHNS REHABILITATION HOSPITAL,26,U,RH,BROWARD,LAUDERDALE LAKES,33311,4,10943644,0,0,0,38561179
LIFESTREAM BEHAVIORAL CENTER,66,U,PH,LAKE,LEESBURG,34749,4,35473620,0,0,0,48077131
LEESBURG REGIONAL MEDICAL CENTER INC,330,U,STH,LAKE,LEESBURG,34748,3,94250425,20743737,8903508,0,1209561169
LANDMARK HOSPITAL OF SOUTHWEST FLORI,32,U,LTCH,LEE,LEHIGH ACRES,33936,4,4729978,0,0,20956,61660088
LEHIGH REGIONAL,53,U,STH,LEE,LEHIGH ACRES,33936,1,13978109,3370577,2161592,8191,312979209
HCA FLORIDA PALMS WEST HOSPITAL,206,U,STH,PALM BEACH,LOXAHATCHEE,33470,1,63333736,16405263,0,0,2361645025
ENCOMPASS HEALTH REHABILITATION HOSP,50,U,RH,HILLSBOROUGH,LUTZ,33548,4,11941586,2260654,0,0,41697854
ED FRASER MEMORIAL HOSPITAL,21,R,STH,BAKER,MACCLENNY,32063,2,17230956,2716785,0,0,70785532
NORTHEAST FLORIDA STATE HOSPITAL,60,U,PH,BAKER,MACCLENNY,32063,4,41325522,9620232,0,0,5465039
MADISON MEMORIAL HOSPITAL,25,R,CAH,MADISON,MADISON,32340,2,5673330,0,0,0,23355229
NEUROBEHAVIORAL HOSPITAL OF THE PB,42,U,PH,PALM BEACH,MANGONIA PARK,33407,4,3063109,0,0,1,30975935
FISHERMENS HOSPITAL,8,R,CAH,MONROE,MARATHON,33050,2,9983569,0,0,0,97935326
NORTHWEST MEDICAL CENTER,289,U,STH,BROWARD,MARGATE,33063,3,69372711,17153169,300356,-11,2798625165
JACKSON HOSPITAL  MARIANNA,66,R,STH,JACKSON,MARIANNA,32466,2,29734881,4042384,8237307,-1,202811755
MELBOURNE REGIONAL MEDICAL CENTER,96,U,STH,BREVARD,MELBOURNE,32935,1,25349265,5648995,3520529,0,1103097287
KINDRED HOSPITAL MELBOURNE,47,U,LTCH,BREVARD,MELBOURNE,32901,4,12663799,0,0,0,143619249
CIRCLES OF CARE  INC.,172,U,PH,BREVARD,MELBOURNE,32901,4,22720066,0,0,0,58822831
SEA PINES REHABILITATION HOSPITAL  A,90,U,RH,BREVARD,MELBOURNE,32901,4,15474293,4151883,170620,0,54618447
HOLMES REGL MEDICAL CENTER,550,U,STH,BREVARD,MELBOURNE,32901,0,156894963,57667649,44510131,107950,3118216331
WEST GABLES REHABILITATION HOSPITAL,85,U,RH,MIAMI-DADE,MIAMI,33155,4,22904335,3347302,0,2951858,146474502
WESTCHESTER GENERAL HOSPITAL,98,U,STH,MIAMI-DADE,MIAMI,33155,1,25265437,3158377,84295,0,156283039
LARKIN COMMUNITY HOSPITAL,118,U,STH,MIAMI-DADE,MIAMI,33143,1,51924927,6393317,0,0,333239292
NORTH SHORE MEDICAL CENTER AND FMC,748,U,STH,MIAMI-DADE,MIAMI,33150,0,127756782,23878072,7531063,0,3347599260
MIAMI JEWISH HEALTH SYSTEMS  INC.,32,U,STH,MIAMI-DADE,MIAMI,33137,1,28432679,4492192,0,0,47637410
ENCOMPASS HEALTH REHABILITATION HOSP,60,U,RH,MIAMI-DADE,MIAMI,33189,4,10401204,1835364,0,0,38996241
SSH - MIAMI,47,U,LTCH,MIAMI-DADE,MIAMI,33128,4,12148822,1930551,0,1947759,212907093
HCA FLORIDA MERCY HOSPITAL,290,U,STH,MIAMI-DADE,MIAMI,33133,3,99928832,20529997,1920378,0,3873848535
SOUTH MIAMI HOSPITAL,375,U,STH,MIAMI-DADE,MIAMI,33143,3,196750132,42304577,28480626,23095,2586496219
WEST KENDALL BAPTIST HOSPITAL,127,U,STH,MIAMI-DADE,MIAMI,33196,1,101549720,22012014,11270179,2497372,1610194350
HCA FLORIDA KENDALL HOSPITAL,424,U,STH,MIAMI-DADE,MIAMI,33175,3,124473581,27649244,0,-3,5330573080
NICKLAUS CHILDRENS HOSPITAL,259,U,CH,MIAMI-DADE,MIAMI,33155,3,228257601,0,0,46304907,2387879352
HCA FLORIDA AVENTURA HOSPITAL,405,U,STH,MIAMI-DADE,MIAMI,33180,3,97873280,19935370,0,0,3229516384
MOUNT SINAI MEDICAL CENTER OF FLORID,481,U,STH,MIAMI-DADE,MIAMI BEACH,33140,0,350580219,41999237,40779648,141778886,3539423810
SSH - MIAMI LAKES,60,U,LTCH,MIAMI-DADE,MIAMI LAKES,33016,4,17852632,2501691,0,4778403,235924360
ASCENSION ST. VINCENTS CLAY COUNTY,134,U,STH,DUVAL,MIDDLEBURG,32068,1,46851993,9957254,894535,-13649,994390401
SANTA ROSA MEDICAL CENTER,86,U,STH,SANTA ROSA,MILTON,32570,1,29699241,5762110,1679355,0,1062394087
MEMORIAL HOSPITAL MIRAMAR,178,U,STH,BROWARD,MIRAMAR,33029,1,99824957,19500425,12040406,0,1586889627
NAPLES COMMUNITY HOSPITAL,532,R,STH,COLLIER,NAPLES,34102,0,237200381,50166417,37583217,157708690,3159608637
REHABILIATION HOSPITAL OF NAPLES,50,U,RH,COLLIER,NAPLES,34119,4,2800000,503851,0,0,7485091
THE WILLOUGH AT NAPLES,87,U,PH,COLLIER,NAPLES,34119,4,5153980,0,0,0,24965349
PHYSICIANS REGIONAL MEDICAL CENTER,259,U,STH,COLLIER,NAPLES,34119,3,104309117,19623299,17569541,0,3447169967
MORTON PLANT NORTH BAY HOSPITAL,213,U,STH,PASCO,NEW PORT RICHEY,34652,1,69725454,15308210,10840148,2,888129756
ADVENTHEALTH NEW SMYRNA BEACH,109,R,STH,VOLUSIA,NEW SMYRNA BEACH,32168,2,52342588,9942779,7749249,0,622134701
TWIN CITIES HOSPITAL,65,U,STH,OKALOOSA,NICEVILLE,32578,1,15327012,4307260,742591,-99,973875603
ST CATHERINES REHAB HOSPITAL,60,U,RH,MIAMI-DADE,NORTH MIAMI,33161,4,16646177,0,0,0,56799730
SARASOTA MEMORIAL HOSPITAL VENICE,110,U,STH,SARASOTA,NORTH VENICE,34275,1,57471916,11102866,7774288,2228983,778510841
KINDRED HOSPITAL OCALA,31,U,LTCH,MARION,OCALA,34474,4,3180866,0,0,0,33635562
ENCOMPASS HEALTH REHABILITATION HOSP,80,U,RH,MARION,OCALA,34471,4,12576996,2486164,549239,0,41495358
THE VINES HOSPITAL,98,U,PH,MARION,OCALA,34471,4,8067221,0,0,-2,49702935
ORLANDO HEALTH-HEALTH CENTRAL HOSPIT,284,U,STH,ORANGE,OCOEE,34761,3,118822949,31166907,0,0,2131305478
RAULERSON HOSPITAL,100,R,STH,OKEECHOBEE,OKEECHOBEE,34972,2,24045913,7909442,0,9,732122137
ADVENTHEALTH FISH MEMORIAL,257,R,STH,VOLUSIA,ORANGE CITY,32763,2,80444927,14907584,12140177,0,1090094691
HCA FLORIDA ORANGE PARK HOSPITAL,291,U,STH,CLAY,ORANGE PARK,32073,3,112686137,21632312,0,20,5150711574
CENTRAL FLORIDA BEHAVIORAL HEALTH,174,U,PH,ORANGE,ORLANDO,32821,4,19461429,0,0,0,124647850
SSH -ORLANDO,99,U,LTCH,ORANGE,ORLANDO,32803,4,26774378,4255268,2207799,4158106,500542015
UCF LAKE NONA HOSPITAL,64,U,STH,ORANGE,ORLANDO,32827,1,21479895,4421384,0,-11,761361018
NEMOURS CHILDRENS HOSPITAL,130,U,CH,ORANGE,ORLANDO,32827,4,203673249,0,0,0,897744154
UNIVERSITY BEHAVIORAL CENTER,112,U,PH,ORANGE,ORLANDO,32826,4,9665129,0,0,0,58672360
ASPIRE HEALTH PARTNERS INC,90,U,PH,ORANGE,ORLANDO,32808,4,52991432,0,0,192930,266467581
OVIEDO MEDICAL CENTER,64,U,STH,ORANGE,OVIEDO,32765,1,25231175,6609815,0,-32,984382074
SSH - THE VILLAGES,40,U,LTCH,SUMTER,OXFORD,34484,4,9948259,1592433,1016159,638921,99754476
HCA FLORIDA PUTNAM HOSPITAL,82,R,STH,PUTNAM,PALATKA,32177,2,25164903,5222583,0,0,811550382
PALM BAY HOSPITAL,120,U,STH,BREVARD,PALM BAY,32907,1,44047187,15738009,7983283,203434,818079654
PALM BEACH GARDENS,199,U,STH,PALM BEACH,PALM BEACH GARDENS,33410,1,60586529,13444386,457501,0,2393811781
ADVENTHEALTH PALM COAST,99,U,STH,FLAGLER,PALM COAST,32164,1,88591764,15714167,8438834,0,1173874674
ENCOMPASS HEALTH REHABILITATION HOSP,75,U,RH,BAY,PANAMA CITY,32405,4,11568242,3270730,78850,0,34377496
EMERALD COAST BEHAVIORAL HOSPITAL,86,U,PH,BAY,PANAMA CITY,32405,4,9759013,0,0,0,66721449
SSH - PANAMA CITY  INC,30,U,LTCH,BAY,PANAMA CITY,32401,4,7875467,1306763,0,3738470,111323925
ASCENSION SACRED HEART BAY,126,U,STH,BAY,PANAMA CITY,32401,1,58205959,11902657,387536,0,1182573754
HCA FLORIDA GULF COAST HOSPITAL,261,U,STH,BAY,PANAMA CITY,32404,3,66176786,14826325,291037,0,3414008091
MEMORIAL HOSPITAL WEST,486,U,STH,BROWARD,PEMBROKE PINES,33028,0,281453284,47133029,36456440,0,5123687034
MEMORIAL HOSPITAL PEMBROKE,195,U,STH,BROWARD,PEMBROKE PINES,33024,1,85589536,14168689,11506022,0,1328414185
SOUTH FLORIDA STATE HOSPITAL,50,U,PH,MIAMI-DADE,PEMBROKE PINES,33025,4,24573678,6115804,0,0,1772431
BAPTIST HOSPITAL,279,R,STH,ESCAMBIA,PENSACOLA,32501,2,154532454,25519564,27193310,20666078,2778968000
ENCOMPASS HEALTH REHABILITATION OF P,40,U,RH,ESCAMBIA,PENSACOLA,32504,4,8147138,1867116,0,0,27971408
HCA FLORIDA WEST HOSPITAL,354,R,STH,ESCAMBIA,PENSACOLA,32514,3,85964208,19233353,1322366,1248,3869723474
ASCENSION SACRED HEART PENSACOLA,559,R,STH,ESCAMBIA,PENSACOLA,32504,0,346812572,50557724,5128479,0,4264531118
SSH - PENSACOLA INC,75,U,LTCH,ESCAMBIA,PENSACOLA,32504,4,16280995,2726694,3879025,2145204,218705654
DOCTORS MEMORIAL,48,R,STH,TAYLOR,PERRY,32347,2,10152376,1651843,315819,0,52815428
SOUTH FLORIDA BAPTIST HOSPITAL,128,U,STH,HILLSBOROUGH,PLANT CITY,33564,1,51222238,10679148,14073212,-3,775729698
HCA FLORIDA WESTSIDE HOSPITAL,250,U,STH,BROWARD,PLANTATION,33324,3,71446774,15478856,0,1,3078913049
BROWARD HEALTH NORTH,304,U,STH,BROWARD,POMPANO BEACH,33064,3,104590167,12492903,19144734,0,1341289509
HCA FL FAWCETT HOSPITAL,233,R,STH,CHARLOTTE,PORT CHARLOTTE,33952,2,54404850,14341187,103127,7,2723791982
BAYFRONT HEALTH PORT CHARLOTTE,254,R,STH,CHARLOTTE,PORT CHARLOTTE,33952,2,51676183,10542351,9837717,0,1764323692
ASCENSION SACRED HEART GULF,19,R,STH,GULF,PORT SAINT JOE,32456,2,9005619,1308270,192155,0,93861090
PORT ST LUCIE HOSPITAL,75,U,PH,ST. LUCIE,PORT ST. LUCIE,34952,4,8112646,0,0,0,37944598
HCA FLORIDA ST. LUCIE HOSPITAL,207,U,STH,ST. LUCIE,PORT ST. LUCIE,34952,1,59024914,16181698,1104717,0,2507148579
BAYFRONT HEALTH PUNTA GORDA,82,R,STH,CHARLOTTE,PUNTA GORDA,33950,2,26899667,4953227,1309952,0,622465761
KINDRED HOSPITAL THE PALM BEACHES,57,U,LTCH,PALM BEACH,RIVIERA BEACH,33418,4,14012717,0,0,0,183031203
ROCKLEDGE REGIONAL MEDICAL CENTER,274,U,STH,BREVARD,ROCKLEDGE,32955,3,51873258,12123197,5118653,0,1491690776
MEASE HOSPITAL COUNTRYSIDE,375,R,STH,PINELLAS,SAFETY HARBOR,33761,3,118449129,26130557,17223101,5,1776627656
ST. PETERSBURG GENERAL,168,U,STH,HILLSBOROUGH,SAINT PETERSBURG,33710,1,30166823,6963499,0,8,1615018929
HCA FLORIDA LAKE MONROE HOSPITAL,199,U,STH,SEMINOLE,SANFORD,32771,1,51588333,12591519,1722,-107,1927327065
SARASOTA MEMORIAL HOSPITAL,787,U,STH,SARASOTA,SARASOTA,34239,0,347949133,89585606,41290153,0,5775184100
HCA FLORIDA SARASOTA DOCTORS HOSPITA,139,U,STH,SARASOTA,SARASOTA,34233,1,40226423,10325196,23085,-1,1964595417
PAM SPECIALTY HOSPITAL OF SARASOTA,40,U,LTCH,SARASOTA,SARASOTA,34240,4,9737215,0,0,0,89457499
ENCOMPASS HEALTH REHABILITATION HOSP,116,U,RH,SARASOTA,SARASOTA,34240,4,22147779,4269542,539928,0,80169990
SEBASTIAN RIVER MEDICAL CENTER,145,R,STH,INDIAN RIVER,SEBASTIAN,32958,2,33818388,7460401,1228533,0,1141732593
HCA FLORIDA HIGHLANDS HOSPITAL,109,U,STH,HIGHLANDS,SEBRING,33870,1,24546618,6628440,220906,0,796932564
ADVENTHEALTH SEBRING,204,R,STH,HIGHLANDS,SEBRING,33872,2,130817947,20504851,19955666,0,1554189926
OAK HILL HOSPITAL,350,U,STH,HERNANDO,SPRING HILL,34613,3,90935489,21305330,840153,4,4519411440
FLAGLER HOSPITAL,335,R,STH,ST. JOHNS,ST AUGUSTINE,32086,3,101609423,22876410,3058800,0,1436542350
ENCOMPASS HEALTH REHABILITATION HOSP,40,U,RH,ST. JOHNS,ST AUGUSTINE,32084,4,6285640,998414,0,0,15762060
BAYFRONT HEALTH ST. PETERSBURG,273,R,STH,PINELLAS,ST PETERSBURG,33701,2,113436078,29115647,0,0,2369625043
HCA FLORIDA NORTHSIDE HOSPITAL,230,U,STH,HILLSBOROUGH,ST PETERSBURG,33709,3,44479498,10093470,102320,0,2072509117
HCA FLORIDA PASADENA HOSPITAL,167,U,STH,HILLSBOROUGH,ST PETERSBURG,33707,1,27467580,7730527,0,-7,1093635050
JOHNS HOPKINS ALL CHILDRENS HOSPITA,259,U,CH,PINELLAS,ST PETERSBURG,33701,3,216549733,0,0,-54506510,1830121249
ST. CLOUD REGIONAL MEDICAL CENTER,84,U,STH,OSCEOLA,ST. CLOUD,34769,1,34240649,8290889,0,2,729188426
OGLETHORPE OF ORLANDO  INC.,64,U,PH,OSCEOLA,ST. CLOUD,34769,4,5030506,0,0,0,27178398
ASCENSION ST. VINCENTS ST. JOHNS COU,56,U,STH,ST. JOHNS,ST. JOHNS,32259,1,14330865,2835842,1073,0,212228506
ST. ANTHONYS HOSPITAL,398,R,STH,HILLSBOROUGH,ST. PETERSBURG,33705,3,146781691,29245333,19802261,0,2167785779
MARTIN MEDICAL CENTER,521,U,STH,MARTIN,STUART,34995,0,229677977,63530392,24766994,0,3568782987
CORAL SHORES BEHAVIORAL HEALTH,80,U,PH,MARTIN,STUART,34997,4,8286958,0,0,0,42548850
ENCOMPASS HEALTH REHABILITATION HOSP,80,U,RH,MARTIN,STUART,34997,4,17897696,3366202,300285,0,62147780
HCA FLORIDA SOUTH SHORE HOSPITAL,138,U,STH,HILLSBOROUGH,SUN CITY CENTER,33573,1,28945420,6418198,0,13,1272331392
ENCOMPASS HEALTH REHABILITATION HOS,126,U,RH,BROWARD,SUNRISE,33351,4,21495398,4655687,1185753,0,77338036
TALLAHASSEE MEMORIAL HOSPITAL,483,U,STH,LEON,TALLAHASSEE,32308,0,341983274,63582835,28654088,2309822,4002209698
ENCOMPASS HEALTH REHABILITATION HOSP,76,U,RH,LEON,TALLAHASSEE,32308,4,10216222,2784429,0,0,32289437
HCA FLORIDA CAPITAL HOSPITAL,268,U,STH,LEON,TALLAHASSEE,32308,3,67885243,12976141,603485,-33,2900434296
EASTSIDE PSYCHIATRIC HOSPITAL,46,U,PH,LEON,TALLAHASSEE,32308,4,3375257,0,0,76100,11030568
SSH -TALLAHASSEE  INC.,48,U,LTCH,LEON,TALLAHASSEE,32308,4,10291647,1573789,1452294,1466938,157794008
HCA FLORIDA WOODMONT HOSPITAL,194,U,STH,BROWARD,TAMARAC,33321,1,51508562,10124912,0,-96,1878169808
ADVENTHEALTH TAMPA,596,U,STH,HILLSBOROUGH,TAMPA,33613,0,233349135,51017399,33948031,0,4039193413
TAMPA GENERAL REHABILIATION HOSPITAL,80,U,RH,HILLSBOROUGH,TAMPA,33606,4,4205407,0,0,0,15291504
KINDRED HOSPITAL CENTRAL TAMPA,102,U,LTCH,HILLSBOROUGH,TAMPA,33603,4,16153990,0,0,0,238100095
KINDRED HOSPITAL BAY AREA,133,U,LTCH,HILLSBOROUGH,TAMPA,33611,4,23373682,0,0,0,378218350
MEMORIAL HOSPITAL OF TAMPA,257,U,STH,HILLSBOROUGH,TAMPA,33609,3,48033578,9948715,0,0,1850820733
ADVENTHEALTH WATERMAN,288,U,STH,LAKE,TAVARES,32778,3,128979075,23885151,18419512,0,1786648181
MARINERS HOSPITAL,16,R,CAH,MONROE,TAVERNIER,33070,2,20380883,0,0,16689,225127771
THE VILLAGES REGIONAL HOSPITAL,277,U,STH,SUMTER,THE VILLAGES,32159,3,77947317,17821672,4609159,0,1068881086
PARRISH MEDICAL CENTER,210,U,STH,BREVARD,TITUSVILLE,32799,1,59677370,9124648,3570764,0,616751171
PALM POINT BEHAVIORAL HEALTHCARE,74,U,PH,BREVARD,TITUSVILLE,32796,4,5737326,0,0,0,24788491
MEDICAL CENTER OF TRINITY,330,U,STH,PASCO,TRINITY,34655,3,84011106,21103055,267416,56,3845021814
VENICE REGIONAL BAYFRONT HEALTH,229,U,STH,SARASOTA,VENICE,34285,3,27840533,7759718,0,0,845483779
ENCOMPASS HEALTH REHABILITATION HOSP,80,U,RH,INDIAN RIVER,VERO BEACH,32960,4,12899791,2097427,0,0,44071081
INDIAN RIVER MEMORIAL HOSPITA.L,310,U,STH,INDIAN RIVER,VERO BEACH,32960,3,204208520,24171146,56358184,0,1561799722
VIERA HOSPITAL INC,84,U,STH,BREVARD,VIERA,32940,1,36278745,17344602,8825534,74334,815988026
ADVENTHEALTH WAUCHULA,25,R,CAH,HARDEE,WAUCHULA,33873,2,12855113,0,0,0,143084360
ADVENTHEALTH WESLEY CHAPEL,169,U,STH,PASCO,WESLEY CHAPEL,33544,1,96736935,20754595,11160103,0,1938852392
NORTH TAMPA BEHAVIORAL HEALTH,126,U,PH,PASCO,WESLEY CHAPEL,33543,4,11084758,0,0,0,71101600
WELLINGTON REGL MEDICAL CENTER,235,U,STH,PALM BEACH,WEST PALM BEACH,33414,3,82393758,13872684,13100900,0,2364011699
GOOD SAMARITAN HOSPITAL,333,U,STH,PALM BEACH,WEST PALM BEACH,33401,3,70552993,13485435,3947886,0,2842487520
ST MARYS MEDICAL CENTER,370,U,STH,PALM BEACH,WEST PALM BEACH,33407,3,118719425,24981924,10826160,0,3139018054
CCF HOSPITAL - WESTON,258,R,STH,BROWARD,WESTON,33331,2,134289529,24917497,43761947,0,1642035314
WINTER HAVEN HOSPITAL,490,R,STH,POLK,WINTER HAVEN,33881,0,137663934,32395042,51141275,2,2101611372
ADVENTHEALTH ZEPHYRHILLS,149,U,STH,PASCO,ZEPHYRHILLS,33541,1,78847021,14690735,9430587,0,1368494951